id,crime_type,latitude,longitude,timestamp,age_victim
1,Stalking,19.280479,73.224702,2024-04-18 00:48:00,54
2,Kidnapping,19.195438,72.915742,2024-10-17 05:00:00,49
3,Human Trafficking,19.188221,72.901188,2024-09-20 05:28:00,27
4,Assault,19.064565,73.265667,2024-07-09 05:51:00,24
5,Dowry Harassment,19.293966,72.861497,2024-10-20 00:07:00,54
6,Human Trafficking,19.219289,72.909946,2024-08-17 21:47:00,36
7,Kidnapping,19.198031,72.892187,2024-01-08 04:16:00,37
8,Stalking,19.295208,73.105393,2024-04-02 07:34:00,52
9,Domestic Violence,19.189391,72.884244,2024-10-04 02:41:00,24
10,Rape,19.320752,72.91252,2024-11-07 13:44:00,24
11,Molestation,19.395222,72.969836,2024-04-27 21:08:00,40
12,Domestic Violence,19.204719,72.900801,2024-01-30 00:37:00,23
13,Human Trafficking,19.182349,72.882757,2024-05-26 11:45:00,27
14,Human Trafficking,19.15437,72.983521,2024-12-28 23:58:00,57
15,Stalking,19.216901,72.906459,2024-11-30 22:30:00,36
16,Assault,19.187769,72.889668,2024-11-30 04:48:00,26
17,Stalking,19.196038,72.909574,2024-11-27 14:47:00,37
18,Assault,19.212354,72.881575,2024-07-19 17:00:00,27
19,Dowry Harassment,19.314208,73.102507,2024-10-20 01:51:00,59
20,Stalking,19.248348,73.248721,2024-12-29 14:58:00,49
21,Human Trafficking,19.254319,72.839197,2024-06-25 20:34:00,34
22,Domestic Violence,19.245564,73.050932,2024-03-11 20:22:00,42
23,Human Trafficking,19.042304,73.27778,2024-10-07 01:15:00,47
24,Sexual Harassment,19.21822,72.897257,2024-12-06 01:31:00,30
25,Stalking,19.210486,72.918556,2024-02-27 02:45:00,29
26,Kidnapping,19.311457,73.119749,2024-08-17 05:01:00,52
27,Acid Attack,19.216203,72.881573,2024-12-08 01:07:00,46
28,Domestic Violence,19.188585,72.918256,2024-02-26 22:40:00,25
29,Human Trafficking,19.316357,73.116329,2024-06-28 01:00:00,38
30,Rape,19.197649,72.885266,2024-06-18 10:37:00,54
31,Acid Attack,19.297164,73.100492,2024-07-07 22:10:00,22
32,Dowry Harassment,19.214981,72.88936,2024-03-15 22:32:00,42
33,Sexual Harassment,19.309867,73.083031,2024-06-07 08:56:00,33
34,Assault,19.193611,72.910908,2024-12-12 21:00:00,18
35,Domestic Violence,19.293059,73.097949,2024-08-17 10:26:00,49
36,Domestic Violence,19.155352,72.855972,2024-08-24 05:44:00,49
37,Kidnapping,19.360902,72.985005,2024-06-02 21:48:00,34
38,Molestation,19.214037,72.905794,2024-08-12 03:14:00,22
39,Acid Attack,19.077865,73.245599,2024-07-12 02:06:00,33
40,Human Trafficking,19.314846,73.112036,2024-11-03 02:34:00,41
41,Dowry Harassment,19.18157,72.887377,2024-06-02 00:35:00,27
42,Sexual Harassment,19.285126,73.105674,2024-06-04 11:21:00,44
43,Rape,19.182717,72.90412,2024-06-01 03:43:00,27
44,Sexual Harassment,19.198816,72.893172,2024-12-21 15:04:00,44
45,Domestic Violence,19.214803,72.883379,2024-03-11 02:09:00,20
46,Stalking,19.288766,73.110624,2024-07-13 23:37:00,44
47,Sexual Harassment,19.389688,73.118245,2024-12-18 01:43:00,52
48,Kidnapping,19.303628,73.083717,2024-08-30 01:31:00,47
49,Domestic Violence,19.155635,72.995914,2024-06-24 22:01:00,34
50,Molestation,19.20898,72.916795,2024-03-18 01:47:00,27
51,Molestation,19.286289,73.11095,2024-02-02 00:47:00,31
52,Human Trafficking,19.318634,72.962699,2024-01-08 05:05:00,19
53,Molestation,19.181844,72.911267,2024-10-10 19:31:00,22
54,Assault,19.287898,73.090229,2024-08-01 22:18:00,24
55,Human Trafficking,19.302638,73.085686,2024-08-23 03:26:00,40
56,Kidnapping,19.295775,73.093393,2024-04-11 17:16:00,33
57,Human Trafficking,19.186964,72.886853,2024-12-07 09:38:00,59
58,Human Trafficking,19.053167,73.119277,2024-11-23 22:32:00,34
59,Assault,19.18918,72.887746,2024-06-03 01:35:00,28
60,Molestation,19.288094,73.094565,2024-05-04 20:04:00,48
61,Human Trafficking,19.32962,73.109999,2024-08-30 00:43:00,34
62,Acid Attack,19.318924,73.115565,2024-02-13 02:45:00,28
63,Human Trafficking,19.343046,72.826022,2024-09-20 23:25:00,28
64,Assault,19.189264,72.918544,2024-03-07 23:47:00,35
65,Stalking,19.022332,73.297471,2024-05-05 15:20:00,29
66,Molestation,19.27902,73.005576,2024-02-19 20:10:00,31
67,Assault,19.287691,73.114601,2024-04-19 14:53:00,44
68,Assault,19.20913,72.896078,2024-03-04 20:18:00,55
69,Acid Attack,19.147283,73.240514,2024-07-04 20:23:00,18
70,Human Trafficking,19.293361,72.838924,2024-05-24 23:43:00,21
71,Kidnapping,19.088776,72.803427,2024-03-04 22:49:00,53
72,Domestic Violence,19.182867,72.887651,2024-05-23 23:12:00,25
73,Domestic Violence,19.227961,73.176478,2024-12-06 22:20:00,41
74,Molestation,19.184321,72.913825,2024-05-12 00:37:00,40
75,Dowry Harassment,19.205166,72.912086,2024-05-30 03:19:00,24
76,Human Trafficking,19.187473,73.057601,2024-03-22 08:08:00,38
77,Sexual Harassment,19.183719,72.909066,2024-08-25 05:27:00,40
78,Assault,19.302753,72.945839,2024-12-08 21:36:00,58
79,Molestation,19.249095,73.230258,2024-06-22 05:09:00,24
80,Molestation,19.301677,73.089663,2024-03-23 21:35:00,22
81,Stalking,19.184123,72.901819,2024-07-28 22:19:00,58
82,Sexual Harassment,19.187898,72.908659,2024-12-21 00:42:00,30
83,Human Trafficking,19.109945,72.879316,2024-09-10 23:38:00,51
84,Molestation,19.253436,72.935144,2024-05-28 22:02:00,18
85,Dowry Harassment,19.180473,72.880596,2024-10-06 02:19:00,60
86,Acid Attack,19.307492,73.106332,2024-03-31 14:23:00,18
87,Sexual Harassment,19.291219,73.092577,2024-07-21 23:05:00,49
88,Kidnapping,19.300315,73.090876,2024-11-07 00:57:00,24
89,Molestation,19.18835,72.802204,2024-12-16 05:15:00,23
90,Rape,19.316993,73.185145,2024-01-23 05:02:00,58
91,Dowry Harassment,19.158999,73.119388,2024-03-07 20:59:00,48
92,Rape,19.135067,73.17665,2024-11-04 03:17:00,32
93,Human Trafficking,19.307392,73.103857,2024-09-02 22:41:00,37
94,Acid Attack,19.317105,73.11251,2024-09-11 14:31:00,55
95,Sexual Harassment,19.299806,73.233234,2024-01-01 13:36:00,44
96,Human Trafficking,19.263057,73.230709,2024-05-22 12:33:00,28
97,Acid Attack,19.300323,73.118585,2024-05-15 12:24:00,51
98,Assault,19.199937,72.893012,2024-08-10 05:49:00,18
99,Sexual Harassment,19.289888,73.105831,2024-03-29 05:12:00,28
100,Dowry Harassment,19.302783,73.089783,2024-02-18 23:28:00,60
101,Domestic Violence,19.184899,73.003203,2024-04-10 23:19:00,39
102,Assault,19.197329,72.893203,2024-04-17 00:55:00,30
103,Rape,19.240145,73.081441,2024-02-07 01:47:00,50
104,Sexual Harassment,19.316693,73.098489,2024-02-14 04:39:00,48
105,Rape,19.319708,73.104661,2024-01-21 02:13:00,29
106,Assault,19.299969,73.082653,2024-09-14 16:51:00,47
107,Acid Attack,19.2048,72.880952,2024-07-30 04:53:00,43
108,Human Trafficking,19.201918,72.912888,2024-09-05 16:48:00,37
109,Dowry Harassment,19.309656,73.087948,2024-06-13 23:02:00,47
110,Stalking,19.170669,73.169428,2024-01-29 07:00:00,22
111,Domestic Violence,19.276568,72.885791,2024-01-04 19:06:00,48
112,Assault,19.069149,73.28843,2024-08-29 08:18:00,53
113,Assault,19.198334,72.90821,2024-10-03 05:30:00,21
114,Rape,19.288981,73.10429,2024-10-02 02:27:00,51
115,Molestation,19.291408,73.110804,2024-06-17 04:27:00,50
116,Dowry Harassment,19.132487,72.849137,2024-02-05 12:40:00,47
117,Molestation,19.286647,73.087332,2024-02-20 19:16:00,43
118,Assault,19.312303,73.100912,2024-11-19 08:50:00,20
119,Molestation,19.286027,73.093497,2024-11-30 03:14:00,49
120,Dowry Harassment,19.185076,72.918656,2024-09-11 04:49:00,57
121,Domestic Violence,19.281139,73.240968,2024-02-13 01:25:00,45
122,Dowry Harassment,19.216121,72.913302,2024-01-10 03:38:00,50
123,Sexual Harassment,19.319863,73.10629,2024-03-03 19:38:00,43
124,Acid Attack,19.289279,73.101799,2024-01-03 20:54:00,35
125,Assault,19.194221,73.059187,2024-10-10 22:23:00,60
126,Molestation,19.198498,72.90231,2024-11-13 05:21:00,60
127,Molestation,19.306808,73.103165,2024-02-19 23:53:00,25
128,Stalking,19.372325,72.804857,2024-10-27 01:36:00,47
129,Acid Attack,19.293392,73.082409,2024-05-08 05:15:00,22
130,Assault,19.280952,73.002697,2024-05-07 21:35:00,24
131,Acid Attack,19.200214,72.887815,2024-11-23 04:03:00,43
132,Rape,19.313337,73.162656,2024-08-30 14:43:00,57
133,Domestic Violence,19.27546,73.106947,2024-02-05 14:35:00,27
134,Molestation,19.120662,73.176348,2024-11-08 20:57:00,28
135,Stalking,19.193636,72.884992,2024-03-21 04:39:00,54
136,Molestation,19.318058,73.095873,2024-06-19 22:24:00,32
137,Human Trafficking,19.299306,73.089564,2024-03-20 20:32:00,34
138,Rape,19.302864,73.0978,2024-11-08 01:07:00,46
139,Sexual Harassment,19.272239,73.029646,2024-10-05 06:34:00,50
140,Domestic Violence,19.309789,73.094348,2024-12-29 03:59:00,18
141,Dowry Harassment,19.319419,73.096452,2024-11-09 05:39:00,38
142,Rape,19.183009,72.900017,2024-02-11 01:07:00,22
143,Human Trafficking,19.280164,73.106905,2024-09-27 01:46:00,60
144,Acid Attack,19.216296,72.912309,2024-01-21 04:19:00,34
145,Assault,19.213222,72.912524,2024-03-05 05:49:00,55
146,Kidnapping,19.315859,73.112105,2024-02-03 01:13:00,53
147,Molestation,19.20503,72.880645,2024-07-07 23:41:00,25
148,Kidnapping,19.02743,73.230373,2024-03-05 19:39:00,27
149,Rape,19.301516,73.099235,2024-03-23 01:25:00,33
150,Domestic Violence,19.372816,73.235754,2024-09-26 13:07:00,58
151,Domestic Violence,19.319353,73.101103,2024-04-26 21:48:00,54
152,Human Trafficking,19.200488,72.891039,2024-04-16 21:52:00,46
153,Molestation,19.213966,72.915422,2024-08-10 10:24:00,20
154,Kidnapping,19.211129,72.891764,2024-09-16 21:45:00,52
155,Dowry Harassment,19.100431,73.097103,2024-06-26 23:45:00,30
156,Sexual Harassment,19.211624,72.882107,2024-05-20 02:34:00,30
157,Domestic Violence,19.188593,72.947274,2024-01-10 04:27:00,20
158,Rape,19.199951,72.883857,2024-12-11 20:02:00,24
159,Rape,19.284405,73.102091,2024-09-06 04:33:00,32
160,Acid Attack,19.296339,73.110235,2024-12-13 03:35:00,51
161,Dowry Harassment,19.205689,72.977697,2024-10-05 04:45:00,26
162,Kidnapping,19.218313,72.903396,2024-01-22 01:34:00,59
163,Molestation,19.180252,72.895866,2024-09-11 09:45:00,23
164,Domestic Violence,19.214013,72.883531,2024-06-20 22:05:00,50
165,Molestation,19.072477,73.094523,2024-03-21 03:52:00,31
166,Dowry Harassment,19.324316,72.89089,2024-07-18 05:56:00,35
167,Rape,19.194422,72.903033,2024-08-05 02:17:00,39
168,Rape,19.205622,72.818573,2024-02-20 00:42:00,40
169,Kidnapping,19.217987,72.915545,2024-08-09 00:12:00,50
170,Domestic Violence,19.375799,72.874503,2024-06-22 12:32:00,41
171,Assault,19.018832,73.151945,2024-04-25 03:38:00,42
172,Domestic Violence,19.285581,73.114472,2024-06-12 23:32:00,38
173,Dowry Harassment,19.319522,73.092348,2024-11-03 02:54:00,52
174,Domestic Violence,19.182338,72.883161,2024-10-11 04:26:00,21
175,Stalking,19.214364,72.902315,2024-08-11 21:24:00,30
176,Domestic Violence,19.208122,72.884213,2024-05-18 19:33:00,41
177,Acid Attack,19.017226,73.278501,2024-01-15 04:10:00,27
178,Rape,19.195303,72.907078,2024-05-08 10:48:00,38
179,Human Trafficking,19.398855,73.176276,2024-04-24 06:05:00,27
180,Molestation,19.195658,72.903407,2024-09-18 13:18:00,42
181,Rape,19.217298,72.904786,2024-01-04 04:32:00,35
182,Domestic Violence,19.076251,73.043573,2024-08-12 20:33:00,32
183,Sexual Harassment,19.036198,73.149812,2024-02-19 00:15:00,28
184,Stalking,19.197013,72.911612,2024-08-08 05:49:00,39
185,Stalking,19.361623,73.182946,2024-11-15 02:31:00,24
186,Domestic Violence,19.100972,72.858483,2024-02-11 02:43:00,36
187,Acid Attack,19.292543,73.116716,2024-02-20 21:29:00,44
188,Kidnapping,19.206631,72.892244,2024-11-23 21:04:00,46
189,Kidnapping,19.167522,73.23277,2024-01-03 15:20:00,38
190,Sexual Harassment,19.285612,73.117815,2024-06-24 09:59:00,48
191,Molestation,19.250124,72.93216,2024-10-28 20:32:00,57
192,Molestation,19.298878,73.098366,2024-06-10 22:15:00,57
193,Dowry Harassment,19.201209,72.882055,2024-07-20 01:05:00,42
194,Molestation,19.237716,73.146149,2024-12-08 16:29:00,28
195,Stalking,19.188268,72.909968,2024-10-30 20:56:00,52
196,Kidnapping,19.015227,73.199635,2024-01-02 23:44:00,30
197,Rape,19.206612,72.903653,2024-09-26 04:58:00,20
198,Sexual Harassment,19.204976,72.891714,2024-01-24 21:49:00,51
199,Dowry Harassment,19.309391,73.085198,2024-05-15 02:25:00,20
200,Sexual Harassment,19.214752,72.893554,2024-04-15 02:29:00,60
201,Acid Attack,19.37245,72.870866,2024-04-03 00:55:00,48
202,Assault,19.181365,72.9033,2024-09-14 23:46:00,56
203,Dowry Harassment,19.282892,73.209444,2024-05-06 02:13:00,30
204,Sexual Harassment,19.199843,72.887048,2024-01-03 21:29:00,26
205,Molestation,19.29514,73.097476,2024-12-13 01:29:00,51
206,Domestic Violence,19.280144,73.119605,2024-01-22 21:56:00,36
207,Stalking,19.261996,73.041728,2024-03-17 20:45:00,24
208,Human Trafficking,19.295365,73.11334,2024-12-06 23:07:00,53
209,Sexual Harassment,19.074809,73.229379,2024-11-08 23:21:00,56
210,Molestation,19.195438,72.91235,2024-09-18 19:59:00,27
211,Stalking,19.284526,73.096084,2024-01-30 03:13:00,53
212,Molestation,19.18339,72.907134,2024-06-14 07:52:00,47
213,Acid Attack,19.281262,73.086569,2024-07-14 20:27:00,45
214,Domestic Violence,19.312043,73.082218,2024-01-10 06:41:00,25
215,Human Trafficking,19.108765,73.074966,2024-10-27 02:49:00,50
216,Rape,19.207337,72.892699,2024-04-08 03:41:00,24
217,Molestation,19.104633,73.21844,2024-11-28 03:09:00,43
218,Human Trafficking,19.290161,73.058962,2024-08-15 11:19:00,43
219,Acid Attack,19.319134,72.893866,2024-04-10 22:05:00,28
220,Molestation,19.314862,73.113078,2024-11-30 02:18:00,33
221,Domestic Violence,19.38405,72.969243,2024-07-29 08:27:00,28
222,Assault,19.316625,73.116238,2024-09-13 02:07:00,21
223,Molestation,19.183387,73.296156,2024-04-03 04:42:00,20
224,Molestation,19.045068,73.160203,2024-11-17 03:37:00,25
225,Sexual Harassment,19.183057,72.914079,2024-08-14 22:39:00,39
226,Domestic Violence,19.185703,72.907425,2024-03-08 22:23:00,29
227,Acid Attack,19.206523,72.889517,2024-11-28 04:28:00,46
228,Kidnapping,19.291663,73.081619,2024-04-17 03:57:00,24
229,Stalking,19.182472,72.909236,2024-10-30 00:57:00,35
230,Domestic Violence,19.306458,73.081728,2024-03-16 09:01:00,29
231,Sexual Harassment,19.188688,72.893504,2024-05-22 08:19:00,18
232,Stalking,19.194718,72.88494,2024-01-17 11:29:00,58
233,Acid Attack,19.18378,72.905053,2024-04-08 03:31:00,50
234,Molestation,19.127631,72.83802,2024-03-17 05:45:00,44
235,Sexual Harassment,19.195102,73.025064,2024-08-13 22:18:00,60
236,Human Trafficking,19.296493,73.114429,2024-08-29 21:38:00,55
237,Kidnapping,19.300461,73.090111,2024-02-24 05:55:00,41
238,Dowry Harassment,19.185349,72.90827,2024-11-02 02:50:00,20
239,Sexual Harassment,19.310077,73.115538,2024-12-04 02:00:00,37
240,Dowry Harassment,19.311767,73.087803,2024-11-07 10:21:00,44
241,Sexual Harassment,19.19956,72.834359,2024-11-21 02:19:00,29
242,Domestic Violence,19.297594,73.095186,2024-07-17 23:57:00,22
243,Human Trafficking,19.283583,73.093773,2024-06-07 05:49:00,49
244,Acid Attack,19.185454,72.88355,2024-06-21 01:43:00,30
245,Stalking,19.299956,73.107512,2024-06-24 13:19:00,32
246,Molestation,19.269901,72.86526,2024-08-08 03:39:00,55
247,Assault,19.343103,72.865572,2024-04-06 20:17:00,58
248,Acid Attack,19.184231,72.89861,2024-08-01 04:50:00,25
249,Dowry Harassment,19.28475,73.108102,2024-01-01 01:22:00,47
250,Dowry Harassment,19.318487,73.082575,2024-05-28 21:25:00,60
251,Domestic Violence,19.199352,72.906898,2024-12-24 20:05:00,50
252,Molestation,19.31474,73.094624,2024-06-26 21:56:00,32
253,Dowry Harassment,19.187432,72.900003,2024-09-06 21:04:00,50
254,Molestation,19.197688,72.996121,2024-06-23 03:26:00,31
255,Acid Attack,19.202244,72.898658,2024-09-18 02:30:00,32
256,Dowry Harassment,19.113602,72.818337,2024-03-30 15:04:00,35
257,Sexual Harassment,19.290342,73.115888,2024-07-02 21:44:00,48
258,Assault,19.201683,72.881486,2024-12-06 23:11:00,49
259,Sexual Harassment,19.186717,72.901525,2024-03-26 23:18:00,38
260,Molestation,19.184137,72.896397,2024-12-06 03:01:00,33
261,Stalking,19.291895,73.082048,2024-10-19 03:37:00,29
262,Stalking,19.211436,72.904019,2024-06-08 02:19:00,32
263,Molestation,19.183314,72.884277,2024-08-11 02:49:00,43
264,Acid Attack,19.211076,72.882888,2024-04-28 06:01:00,20
265,Rape,19.284553,73.109031,2024-01-21 06:51:00,37
266,Domestic Violence,19.189197,72.919393,2024-07-18 04:02:00,35
267,Dowry Harassment,19.19392,72.887744,2024-12-30 02:21:00,37
268,Stalking,19.299805,73.118119,2024-01-09 20:38:00,33
269,Molestation,19.287603,73.107011,2024-03-23 04:21:00,19
270,Molestation,19.208681,73.027429,2024-12-28 03:21:00,31
271,Kidnapping,19.297633,73.095772,2024-06-27 23:10:00,45
272,Kidnapping,19.304982,73.093373,2024-12-27 02:12:00,28
273,Dowry Harassment,19.212928,72.871599,2024-10-25 02:19:00,40
274,Stalking,19.300648,73.092442,2024-08-22 05:29:00,42
275,Dowry Harassment,19.210862,72.909562,2024-03-28 04:24:00,42
276,Human Trafficking,19.251807,72.873637,2024-07-24 00:36:00,57
277,Molestation,19.301833,73.114034,2024-07-28 05:34:00,41
278,Stalking,19.316486,73.098019,2024-09-21 05:11:00,51
279,Stalking,19.398216,72.855736,2024-03-31 03:35:00,36
280,Acid Attack,19.313583,73.082252,2024-04-28 00:46:00,21
281,Domestic Violence,19.149203,72.99186,2024-03-28 10:08:00,36
282,Domestic Violence,19.206057,72.892217,2024-09-26 00:54:00,34
283,Domestic Violence,19.305499,73.090877,2024-02-05 16:10:00,55
284,Sexual Harassment,19.289623,73.084857,2024-03-20 20:26:00,24
285,Sexual Harassment,19.309344,73.08019,2024-01-10 01:16:00,54
286,Sexual Harassment,19.280113,73.100927,2024-11-08 05:38:00,34
287,Molestation,19.330069,73.026319,2024-02-05 00:30:00,57
288,Stalking,19.301768,73.092894,2024-08-10 23:59:00,27
289,Domestic Violence,19.288065,73.092039,2024-10-23 23:43:00,18
290,Rape,19.161241,72.838451,2024-05-14 04:26:00,60
291,Stalking,19.177067,73.259507,2024-11-23 11:22:00,51
292,Dowry Harassment,19.028329,73.084323,2024-05-12 22:59:00,24
293,Dowry Harassment,19.303522,73.088498,2024-01-03 01:29:00,30
294,Dowry Harassment,19.036272,72.940065,2024-10-28 20:42:00,51
295,Stalking,19.198661,72.880127,2024-10-26 22:52:00,25
296,Kidnapping,19.282565,73.085474,2024-02-11 00:11:00,39
297,Domestic Violence,19.212907,72.907987,2024-05-17 00:22:00,54
298,Dowry Harassment,19.215506,72.886618,2024-04-16 03:59:00,24
299,Rape,19.292721,73.108024,2024-12-02 00:09:00,26
300,Rape,19.180185,72.804187,2024-05-03 23:23:00,26
301,Acid Attack,19.116395,72.83489,2024-02-28 22:08:00,36
302,Assault,19.187696,72.9181,2024-11-14 02:17:00,28
303,Kidnapping,19.213493,72.881487,2024-02-03 04:40:00,31
304,Acid Attack,19.299715,73.083578,2024-05-24 05:25:00,42
305,Kidnapping,19.199137,72.90343,2024-07-07 21:21:00,20
306,Acid Attack,19.237133,73.146965,2024-03-30 04:30:00,47
307,Dowry Harassment,19.040001,73.095507,2024-01-16 21:33:00,18
308,Dowry Harassment,19.184474,72.91909,2024-06-08 02:26:00,58
309,Molestation,19.198468,73.224598,2024-01-31 01:12:00,42
310,Dowry Harassment,19.284702,73.003105,2024-06-22 20:06:00,31
311,Kidnapping,19.010837,72.854024,2024-01-31 01:47:00,48
312,Kidnapping,19.193557,72.907751,2024-07-31 23:27:00,27
313,Assault,19.20368,72.909623,2024-03-13 08:46:00,43
314,Assault,19.218348,72.897368,2024-11-21 01:13:00,44
315,Kidnapping,19.283234,73.108566,2024-05-15 19:44:00,53
316,Kidnapping,19.282777,73.101283,2024-09-16 12:34:00,41
317,Dowry Harassment,19.303074,73.080768,2024-02-28 09:47:00,43
318,Domestic Violence,19.186953,72.907264,2024-10-23 20:53:00,38
319,Domestic Violence,19.127992,73.218347,2024-06-05 17:52:00,50
320,Human Trafficking,19.045769,73.002227,2024-10-21 10:37:00,38
321,Sexual Harassment,19.313086,73.091858,2024-12-18 00:21:00,55
322,Assault,19.301273,73.179356,2024-12-07 02:23:00,42
323,Human Trafficking,19.309254,73.100039,2024-02-01 22:47:00,19
324,Kidnapping,19.304791,73.082156,2024-11-08 08:39:00,41
325,Sexual Harassment,19.321986,72.97967,2024-11-02 05:31:00,24
326,Sexual Harassment,19.216021,72.885579,2024-01-10 02:14:00,58
327,Domestic Violence,19.183753,72.884222,2024-10-26 23:19:00,29
328,Molestation,19.299239,73.119272,2024-01-21 13:57:00,50
329,Human Trafficking,19.182006,72.910979,2024-09-05 22:39:00,30
330,Stalking,19.182226,72.885774,2024-04-23 01:21:00,48
331,Dowry Harassment,19.057224,72.942363,2024-04-12 01:11:00,32
332,Molestation,19.199367,72.935082,2024-11-26 20:10:00,33
333,Dowry Harassment,19.128622,73.204218,2024-07-21 12:31:00,54
334,Domestic Violence,19.303722,73.112779,2024-12-04 02:03:00,48
335,Sexual Harassment,19.259947,73.221598,2024-08-21 05:59:00,24
336,Stalking,19.356557,73.067145,2024-12-11 01:35:00,27
337,Stalking,19.21357,72.912916,2024-04-06 23:04:00,42
338,Domestic Violence,19.302668,73.085813,2024-10-12 21:13:00,21
339,Sexual Harassment,19.317981,73.110708,2024-09-18 01:04:00,54
340,Sexual Harassment,19.216105,72.882307,2024-10-31 08:47:00,51
341,Domestic Violence,19.155544,72.832897,2024-07-10 00:50:00,41
342,Kidnapping,19.319146,73.099025,2024-05-26 04:10:00,57
343,Kidnapping,19.312217,73.095628,2024-12-01 20:30:00,39
344,Acid Attack,19.303323,73.103397,2024-01-31 22:44:00,49
345,Kidnapping,19.181559,72.917411,2024-07-24 02:37:00,24
346,Acid Attack,19.250887,73.251322,2024-06-28 02:23:00,60
347,Sexual Harassment,19.307249,73.085333,2024-06-27 03:51:00,23
348,Stalking,19.283406,73.083967,2024-12-08 17:27:00,43
349,Dowry Harassment,19.291204,73.118562,2024-03-19 02:23:00,60
350,Molestation,19.277036,72.903275,2024-02-03 03:38:00,41
351,Assault,19.1901,72.883182,2024-11-25 00:24:00,43
352,Molestation,19.315469,73.106193,2024-08-03 14:21:00,31
353,Assault,19.291292,73.086237,2024-12-15 01:44:00,51
354,Acid Attack,19.296235,73.274597,2024-04-28 04:58:00,54
355,Molestation,19.308344,73.111116,2024-05-24 12:08:00,42
356,Rape,19.301483,73.098717,2024-01-17 17:13:00,35
357,Rape,19.28286,73.10197,2024-08-08 02:55:00,58
358,Sexual Harassment,19.213683,72.905519,2024-08-27 22:30:00,22
359,Kidnapping,19.189838,72.8837,2024-09-22 23:38:00,49
360,Kidnapping,19.290673,73.11579,2024-11-18 12:09:00,46
361,Kidnapping,19.291139,73.116788,2024-01-22 00:48:00,30
362,Molestation,19.301526,73.118684,2024-04-29 02:09:00,27
363,Rape,19.198885,72.90488,2024-08-21 23:51:00,30
364,Kidnapping,19.193783,72.929209,2024-09-07 05:53:00,56
365,Acid Attack,19.309327,73.08188,2024-01-28 21:59:00,48
366,Kidnapping,19.209937,72.886731,2024-08-20 04:13:00,41
367,Dowry Harassment,19.374046,73.178983,2024-11-30 21:51:00,28
368,Domestic Violence,19.208507,72.91907,2024-05-18 00:50:00,47
369,Dowry Harassment,19.008383,72.949314,2024-02-12 04:07:00,37
370,Human Trafficking,19.299557,73.106859,2024-11-19 01:02:00,40
371,Kidnapping,19.258553,72.954977,2024-06-19 01:16:00,19
372,Human Trafficking,19.198281,72.914405,2024-02-15 14:29:00,23
373,Stalking,19.21818,72.912073,2024-04-30 23:11:00,22
374,Stalking,19.219459,72.880572,2024-07-13 23:58:00,19
375,Molestation,19.219241,72.897009,2024-03-08 11:45:00,19
376,Kidnapping,19.280066,73.114822,2024-11-21 01:06:00,40
377,Domestic Violence,19.121424,73.112999,2024-11-13 02:30:00,30
378,Kidnapping,19.210732,72.896965,2024-09-20 06:51:00,59
379,Assault,19.316053,73.093008,2024-03-28 02:58:00,45
380,Human Trafficking,19.196509,72.881539,2024-12-18 16:21:00,39
381,Assault,19.319485,73.11915,2024-01-24 04:18:00,54
382,Stalking,19.306909,73.091188,2024-10-11 21:16:00,40
383,Stalking,19.28787,73.085833,2024-08-25 05:05:00,25
384,Molestation,19.292515,73.117684,2024-12-20 22:25:00,45
385,Stalking,19.034759,73.017446,2024-08-20 05:42:00,36
386,Kidnapping,19.30765,73.11977,2024-01-16 01:58:00,25
387,Rape,19.292447,73.082202,2024-10-30 23:35:00,19
388,Stalking,19.203895,72.883624,2024-02-28 22:08:00,27
389,Domestic Violence,19.206784,72.894062,2024-12-07 21:45:00,54
390,Rape,19.216929,72.9138,2024-06-15 04:44:00,42
391,Dowry Harassment,19.31875,73.090252,2024-12-25 02:03:00,37
392,Rape,19.196483,72.885828,2024-08-29 10:24:00,53
393,Human Trafficking,19.19183,72.893414,2024-07-28 02:57:00,33
394,Dowry Harassment,19.294394,73.117831,2024-07-28 00:30:00,46
395,Human Trafficking,19.312474,73.100279,2024-03-18 05:28:00,49
396,Dowry Harassment,19.353221,72.859289,2024-10-14 22:03:00,54
397,Stalking,19.288664,73.086613,2024-03-12 21:46:00,23
398,Acid Attack,19.31384,73.206368,2024-02-06 00:33:00,19
399,Dowry Harassment,19.194453,72.890604,2024-12-01 20:36:00,27
400,Human Trafficking,19.043845,73.124609,2024-09-12 10:00:00,59
401,Dowry Harassment,19.180946,73.269756,2024-12-08 05:38:00,44
402,Rape,19.218855,72.911891,2024-08-03 04:28:00,47
403,Domestic Violence,19.285438,73.086788,2024-04-26 08:12:00,31
404,Rape,19.032656,73.00429,2024-12-08 21:28:00,29
405,Rape,19.301714,73.092011,2024-03-15 11:40:00,42
406,Dowry Harassment,19.196462,72.917553,2024-04-25 03:03:00,55
407,Acid Attack,19.136715,72.874493,2024-09-07 03:15:00,42
408,Sexual Harassment,19.207888,72.886215,2024-06-05 01:12:00,60
409,Dowry Harassment,19.180179,72.89437,2024-09-24 02:21:00,39
410,Human Trafficking,19.308569,73.111936,2024-05-06 11:36:00,59
411,Rape,19.1974,72.89134,2024-08-02 06:48:00,59
412,Human Trafficking,19.352761,73.216756,2024-09-08 16:38:00,25
413,Domestic Violence,19.313612,73.093764,2024-03-04 04:03:00,57
414,Molestation,19.295382,73.107229,2024-07-12 11:56:00,43
415,Molestation,19.130678,72.869609,2024-11-08 19:34:00,37
416,Rape,19.305976,73.116437,2024-08-15 00:23:00,44
417,Molestation,19.182413,72.885387,2024-06-03 22:22:00,42
418,Sexual Harassment,19.286016,73.101888,2024-03-31 01:47:00,58
419,Assault,19.217304,72.891777,2024-10-20 05:34:00,33
420,Assault,19.203813,72.912478,2024-03-07 09:09:00,49
421,Molestation,19.039707,73.132319,2024-02-17 03:34:00,54
422,Domestic Violence,19.256288,72.90308,2024-03-21 20:49:00,41
423,Stalking,19.052973,73.02499,2024-07-01 18:02:00,53
424,Molestation,19.307865,72.877385,2024-04-03 23:29:00,30
425,Human Trafficking,19.315757,73.113598,2024-12-01 23:03:00,51
426,Human Trafficking,19.210497,72.892793,2024-12-04 04:29:00,41
427,Dowry Harassment,19.287327,73.088625,2024-08-12 06:01:00,49
428,Dowry Harassment,19.189539,72.916053,2024-01-07 00:51:00,22
429,Domestic Violence,19.305846,73.118687,2024-06-26 22:11:00,58
430,Rape,19.110522,73.163321,2024-05-08 05:42:00,36
431,Domestic Violence,19.207278,72.882895,2024-03-18 00:11:00,22
432,Stalking,19.083889,73.001567,2024-07-24 21:40:00,28
433,Stalking,19.296175,73.11591,2024-01-19 05:53:00,49
434,Stalking,19.202443,72.909278,2024-11-12 23:40:00,22
435,Dowry Harassment,19.216644,72.894938,2024-08-26 03:27:00,41
436,Acid Attack,19.206195,72.898447,2024-11-13 03:50:00,36
437,Stalking,19.182528,72.895125,2024-11-25 00:14:00,51
438,Dowry Harassment,19.300283,73.081338,2024-08-21 21:02:00,29
439,Assault,19.206427,72.900078,2024-06-16 02:38:00,54
440,Stalking,19.213017,72.916054,2024-11-03 12:53:00,37
441,Assault,19.29489,73.089668,2024-03-21 00:01:00,22
442,Stalking,19.229058,73.177541,2024-04-06 17:52:00,56
443,Kidnapping,19.219243,72.89555,2024-10-27 20:45:00,28
444,Assault,19.205631,72.916621,2024-07-17 20:08:00,23
445,Domestic Violence,19.21052,72.915368,2024-08-06 02:16:00,33
446,Assault,19.301856,73.11352,2024-02-25 01:53:00,29
447,Dowry Harassment,19.218887,72.882662,2024-12-04 22:03:00,50
448,Sexual Harassment,19.314619,73.108379,2024-08-13 00:10:00,30
449,Stalking,19.29814,73.080652,2024-10-23 05:14:00,58
450,Molestation,19.326801,73.091298,2024-02-02 04:00:00,60
451,Sexual Harassment,19.36158,72.980466,2024-11-18 03:20:00,41
452,Dowry Harassment,19.190231,72.881902,2024-12-01 19:18:00,34
453,Dowry Harassment,19.111397,73.093493,2024-11-10 21:46:00,27
454,Human Trafficking,19.213555,72.912933,2024-12-19 07:26:00,38
455,Sexual Harassment,19.199157,72.895179,2024-08-09 22:18:00,28
456,Molestation,19.306695,73.08032,2024-09-27 20:43:00,31
457,Domestic Violence,19.091298,73.07525,2024-12-04 20:22:00,55
458,Stalking,19.205589,72.896014,2024-05-07 00:01:00,39
459,Domestic Violence,19.183406,72.900059,2024-10-12 02:47:00,56
460,Rape,19.226846,72.911928,2024-09-02 04:52:00,59
461,Human Trafficking,19.316329,73.116205,2024-04-17 03:44:00,18
462,Assault,19.193492,72.896925,2024-05-26 02:24:00,41
463,Acid Attack,19.311418,73.107959,2024-11-16 13:18:00,50
464,Human Trafficking,19.186381,72.910447,2024-03-29 07:46:00,48
465,Molestation,19.301918,73.110251,2024-09-16 15:57:00,55
466,Stalking,19.038788,73.082454,2024-11-16 03:23:00,50
467,Molestation,19.2838,73.091709,2024-06-06 22:26:00,27
468,Kidnapping,19.135175,73.165024,2024-07-25 21:15:00,32
469,Domestic Violence,19.201948,72.887059,2024-07-18 05:06:00,30
470,Dowry Harassment,19.25536,72.841112,2024-07-12 23:01:00,47
471,Stalking,19.188675,72.919653,2024-05-17 21:15:00,25
472,Rape,19.200173,72.895348,2024-02-22 00:48:00,19
473,Assault,19.292565,73.097405,2024-02-22 22:09:00,25
474,Rape,19.195245,72.915621,2024-09-29 05:20:00,18
475,Rape,19.319889,73.09563,2024-11-01 22:55:00,60
476,Domestic Violence,19.19829,72.913059,2024-12-02 20:19:00,38
477,Stalking,19.188422,72.912548,2024-12-03 22:22:00,51
478,Sexual Harassment,19.200836,72.905254,2024-10-13 14:26:00,51
479,Acid Attack,19.182659,72.889857,2024-11-19 22:25:00,49
480,Sexual Harassment,19.299472,73.087112,2024-03-24 12:15:00,35
481,Acid Attack,19.292149,73.084319,2024-04-25 04:58:00,22
482,Rape,19.206644,72.885939,2024-07-05 23:15:00,45
483,Kidnapping,19.282779,73.083692,2024-05-24 02:41:00,34
484,Acid Attack,19.181995,73.26213,2024-12-13 11:29:00,27
485,Sexual Harassment,19.318153,73.087182,2024-05-10 09:10:00,45
486,Acid Attack,19.211299,72.914391,2024-04-29 00:48:00,39
487,Dowry Harassment,19.212331,72.888671,2024-02-06 03:03:00,34
488,Stalking,19.29519,73.102247,2024-11-03 14:01:00,60
489,Rape,19.281256,73.088331,2024-12-14 22:55:00,47
490,Assault,19.290375,73.103537,2024-01-14 19:56:00,25
491,Molestation,19.211608,72.881866,2024-02-16 17:23:00,46
492,Domestic Violence,19.185616,72.892563,2024-11-18 00:40:00,51
493,Assault,19.203263,72.902767,2024-05-21 05:09:00,19
494,Dowry Harassment,19.309436,73.088337,2024-10-02 02:36:00,33
495,Assault,19.298965,73.093987,2024-12-18 23:49:00,33
496,Assault,19.180866,72.893035,2024-09-13 21:51:00,30
497,Stalking,19.287613,73.08027,2024-10-24 02:23:00,41
498,Molestation,19.192029,72.898471,2024-02-21 00:24:00,58
499,Molestation,19.361618,72.895208,2024-09-18 15:24:00,37
500,Human Trafficking,19.280536,73.08491,2024-03-13 13:59:00,46
501,Domestic Violence,19.360387,73.235729,2024-09-29 20:01:00,47
502,Acid Attack,19.204501,72.913988,2024-05-21 05:03:00,29
503,Sexual Harassment,19.206519,72.890986,2024-08-15 22:15:00,24
504,Rape,19.313177,73.002009,2024-01-10 00:59:00,39
505,Kidnapping,19.03676,72.885669,2024-06-07 10:11:00,23
506,Dowry Harassment,19.310255,73.083745,2024-10-14 05:06:00,19
507,Sexual Harassment,19.195756,72.898089,2024-11-23 20:31:00,18
508,Molestation,19.302298,73.09772,2024-06-04 11:48:00,28
509,Rape,19.306955,73.114128,2024-10-04 01:26:00,39
510,Molestation,19.186687,72.90999,2024-01-02 10:47:00,55
511,Rape,19.282936,73.092834,2024-01-30 00:34:00,22
512,Human Trafficking,19.292092,73.101242,2024-06-07 20:21:00,47
513,Domestic Violence,19.180856,72.916874,2024-09-27 01:07:00,39
514,Domestic Violence,19.210445,72.914394,2024-03-10 16:11:00,53
515,Rape,19.308947,73.089231,2024-02-09 22:28:00,18
516,Kidnapping,19.26474,73.195204,2024-10-15 22:25:00,26
517,Dowry Harassment,19.214336,72.972794,2024-08-03 21:16:00,33
518,Acid Attack,19.215103,72.908404,2024-12-20 23:09:00,20
519,Kidnapping,19.175617,72.811406,2024-05-26 20:10:00,39
520,Acid Attack,19.18451,73.210697,2024-12-21 02:06:00,48
521,Rape,19.296965,73.090346,2024-03-29 09:06:00,30
522,Domestic Violence,19.290383,73.107384,2024-05-29 15:38:00,46
523,Rape,19.182427,72.880717,2024-01-23 23:28:00,23
524,Domestic Violence,19.217511,72.884049,2024-05-25 03:00:00,56
525,Rape,19.365721,73.24705,2024-10-14 04:01:00,39
526,Assault,19.29791,73.097579,2024-05-13 22:54:00,49
527,Sexual Harassment,19.197372,72.90959,2024-10-02 06:05:00,22
528,Molestation,19.30168,73.117672,2024-11-12 07:09:00,31
529,Kidnapping,19.294646,73.106285,2024-09-22 00:19:00,24
530,Human Trafficking,19.318304,73.081973,2024-07-15 05:05:00,43
531,Acid Attack,19.290075,73.097392,2024-10-09 04:52:00,54
532,Sexual Harassment,19.300216,73.117963,2024-03-01 03:37:00,38
533,Human Trafficking,19.332129,73.236786,2024-08-25 05:22:00,30
534,Kidnapping,19.348956,73.245238,2024-04-17 10:53:00,55
535,Assault,19.294707,72.992264,2024-07-20 01:11:00,38
536,Stalking,19.186581,72.882347,2024-11-15 05:18:00,50
537,Human Trafficking,19.281376,73.084231,2024-12-16 01:57:00,39
538,Molestation,19.180084,72.958887,2024-10-06 03:10:00,46
539,Molestation,19.251598,73.02355,2024-03-23 22:06:00,29
540,Assault,19.277208,73.0006,2024-02-22 05:55:00,28
541,Sexual Harassment,19.326572,73.121419,2024-02-15 23:30:00,54
542,Human Trafficking,19.311152,73.097169,2024-06-28 23:28:00,27
543,Acid Attack,19.343706,72.943081,2024-11-25 22:59:00,28
544,Dowry Harassment,19.052842,73.018319,2024-09-01 07:35:00,44
545,Human Trafficking,19.230863,73.295478,2024-11-18 00:42:00,31
546,Acid Attack,19.301089,73.102106,2024-09-30 12:42:00,32
547,Domestic Violence,19.293994,73.083826,2024-12-01 04:50:00,47
548,Domestic Violence,19.202846,72.915139,2024-03-05 02:33:00,41
549,Rape,19.164339,73.143138,2024-08-11 03:41:00,18
550,Stalking,19.083032,72.923327,2024-03-06 02:48:00,33
551,Molestation,19.308066,73.086094,2024-08-27 01:01:00,18
552,Domestic Violence,19.026443,73.075303,2024-05-08 03:59:00,41
553,Rape,19.284055,73.110952,2024-01-15 23:08:00,46
554,Assault,19.283552,73.084274,2024-05-01 11:41:00,21
555,Assault,19.201507,72.881083,2024-03-28 00:46:00,56
556,Human Trafficking,19.211841,72.919528,2024-03-16 01:55:00,25
557,Assault,19.203331,72.880005,2024-07-13 04:59:00,59
558,Molestation,19.115048,73.150677,2024-07-14 03:35:00,36
559,Molestation,19.347045,72.924446,2024-10-19 01:53:00,28
560,Assault,19.000141,72.869828,2024-11-23 05:31:00,20
561,Assault,19.291149,73.114854,2024-08-23 03:56:00,29
562,Acid Attack,19.299586,73.09762,2024-08-16 02:48:00,22
563,Sexual Harassment,19.285003,73.089633,2024-05-14 13:36:00,40
564,Kidnapping,19.307091,73.094664,2024-04-11 00:33:00,25
565,Assault,19.141375,73.073984,2024-11-10 23:08:00,59
566,Kidnapping,19.237372,73.076946,2024-02-07 00:23:00,48
567,Acid Attack,19.393906,73.205824,2024-05-26 00:27:00,46
568,Dowry Harassment,19.314171,72.964299,2024-09-25 21:26:00,23
569,Domestic Violence,19.302306,73.098509,2024-08-04 20:00:00,38
570,Kidnapping,19.318727,73.102965,2024-06-10 00:08:00,31
571,Human Trafficking,19.291297,73.115956,2024-04-01 13:56:00,57
572,Sexual Harassment,19.288536,73.105657,2024-01-21 04:14:00,54
573,Sexual Harassment,19.27674,72.952022,2024-06-22 03:55:00,23
574,Human Trafficking,19.311169,73.102735,2024-12-30 05:39:00,43
575,Rape,19.156815,73.186321,2024-07-20 03:01:00,39
576,Acid Attack,19.301717,73.105699,2024-09-29 05:55:00,49
577,Human Trafficking,19.18444,72.902602,2024-07-23 16:45:00,50
578,Molestation,19.195972,72.906236,2024-05-29 03:30:00,45
579,Domestic Violence,19.303768,73.100206,2024-05-26 02:10:00,35
580,Dowry Harassment,19.295251,73.090453,2024-04-25 21:05:00,40
581,Domestic Violence,19.299415,73.10572,2024-03-21 03:24:00,23
582,Acid Attack,19.314993,73.092852,2024-09-18 03:40:00,55
583,Human Trafficking,19.302277,73.09934,2024-06-06 03:36:00,32
584,Assault,19.211068,72.908155,2024-05-29 04:48:00,34
585,Human Trafficking,19.311847,73.081254,2024-09-12 04:42:00,57
586,Domestic Violence,19.107754,73.066979,2024-06-29 03:51:00,42
587,Molestation,19.312815,73.087834,2024-03-30 03:05:00,37
588,Sexual Harassment,19.196307,72.893267,2024-12-27 01:26:00,40
589,Human Trafficking,19.290117,73.119153,2024-02-22 03:01:00,50
590,Domestic Violence,19.282538,73.115098,2024-04-19 08:28:00,20
591,Human Trafficking,19.309624,73.096128,2024-04-12 05:35:00,48
592,Dowry Harassment,19.194885,72.899027,2024-04-14 03:32:00,36
593,Molestation,19.313653,73.112841,2024-02-17 04:57:00,58
594,Kidnapping,19.183069,72.912183,2024-12-04 23:44:00,46
595,Assault,19.294284,73.178955,2024-02-02 12:15:00,32
596,Domestic Violence,19.184187,72.88806,2024-03-10 21:20:00,35
597,Domestic Violence,19.20165,72.909092,2024-01-25 03:23:00,60
598,Dowry Harassment,19.044819,73.198434,2024-11-14 07:03:00,51
599,Domestic Violence,19.305899,73.112084,2024-03-18 04:28:00,40
600,Acid Attack,19.307255,73.084376,2024-03-17 22:45:00,48
601,Human Trafficking,19.180718,72.906696,2024-09-26 20:29:00,49
602,Rape,19.305804,73.09171,2024-09-11 22:08:00,36
603,Human Trafficking,19.391063,72.976518,2024-12-20 07:58:00,20
604,Dowry Harassment,19.30979,73.081628,2024-06-01 20:28:00,29
605,Sexual Harassment,19.280716,73.096205,2024-11-15 10:05:00,19
606,Human Trafficking,19.193539,72.899104,2024-04-04 00:44:00,44
607,Sexual Harassment,19.303249,73.113261,2024-11-14 00:36:00,36
608,Domestic Violence,19.275395,72.934639,2024-01-18 00:41:00,29
609,Human Trafficking,19.20926,72.900425,2024-02-19 05:14:00,53
610,Acid Attack,19.295142,73.092621,2024-01-11 22:28:00,54
611,Dowry Harassment,19.332249,72.963972,2024-04-04 20:48:00,58
612,Molestation,19.182294,72.882102,2024-03-21 01:54:00,55
613,Sexual Harassment,19.318815,73.094123,2024-11-16 04:02:00,59
614,Rape,19.196521,72.902099,2024-05-22 13:45:00,21
615,Assault,19.309926,73.117098,2024-02-22 04:39:00,55
616,Kidnapping,19.316646,73.101861,2024-11-21 11:30:00,28
617,Human Trafficking,19.285828,73.085876,2024-04-10 13:53:00,47
618,Human Trafficking,19.21305,72.897039,2024-10-13 01:33:00,43
619,Human Trafficking,19.212044,73.066315,2024-07-06 21:10:00,27
620,Stalking,19.315922,73.111225,2024-04-10 06:49:00,56
621,Dowry Harassment,19.23706,72.899906,2024-01-13 03:26:00,50
622,Human Trafficking,19.125815,73.210616,2024-07-10 01:28:00,47
623,Dowry Harassment,19.181472,73.146222,2024-02-24 00:04:00,56
624,Domestic Violence,19.187017,72.896815,2024-09-11 07:32:00,33
625,Sexual Harassment,19.016223,72.959912,2024-05-17 00:00:00,39
626,Stalking,19.201238,72.883087,2024-02-19 18:51:00,26
627,Sexual Harassment,19.181514,72.881869,2024-04-07 04:51:00,24
628,Sexual Harassment,19.206262,72.897864,2024-05-03 02:24:00,26
629,Domestic Violence,19.206667,72.893304,2024-01-24 05:35:00,58
630,Kidnapping,19.192942,72.912428,2024-01-29 07:13:00,39
631,Domestic Violence,19.180394,72.901017,2024-06-19 05:37:00,46
632,Stalking,19.200044,72.91626,2024-11-02 12:52:00,20
633,Stalking,19.309112,73.111292,2024-01-07 20:18:00,45
634,Acid Attack,19.193531,72.902212,2024-01-15 20:39:00,45
635,Kidnapping,19.069727,73.047419,2024-01-09 21:14:00,32
636,Assault,19.313904,73.116881,2024-06-12 02:17:00,31
637,Rape,19.193486,72.913902,2024-05-07 20:26:00,21
638,Human Trafficking,19.138516,73.142507,2024-04-17 00:38:00,44
639,Stalking,19.170638,73.115877,2024-01-09 07:27:00,33
640,Sexual Harassment,19.194041,72.918404,2024-06-02 18:23:00,18
641,Molestation,19.296049,73.280167,2024-11-03 08:14:00,20
642,Acid Attack,19.211938,72.927186,2024-06-16 12:28:00,37
643,Rape,19.198206,72.911768,2024-02-18 20:51:00,60
644,Human Trafficking,19.245925,73.064341,2024-11-10 23:49:00,58
645,Assault,19.313308,73.084313,2024-09-03 01:41:00,27
646,Dowry Harassment,19.280512,73.235108,2024-12-26 22:20:00,34
647,Molestation,19.181515,72.884503,2024-11-21 09:30:00,45
648,Human Trafficking,19.050881,72.87059,2024-06-05 23:58:00,41
649,Kidnapping,19.298528,73.09756,2024-08-16 00:38:00,40
650,Assault,19.187518,72.882463,2024-10-11 12:49:00,44
651,Rape,19.185444,72.888622,2024-01-08 02:07:00,22
652,Acid Attack,19.204859,72.908606,2024-02-09 20:32:00,36
653,Sexual Harassment,19.18014,72.891187,2024-09-18 04:51:00,46
654,Dowry Harassment,19.317637,73.114803,2024-04-16 00:11:00,26
655,Molestation,19.192439,72.890053,2024-09-07 00:36:00,47
656,Human Trafficking,19.291867,73.085839,2024-10-18 19:27:00,51
657,Assault,19.280464,73.084556,2024-07-11 22:19:00,42
658,Kidnapping,19.313089,73.105598,2024-10-12 21:20:00,23
659,Human Trafficking,19.202744,72.903463,2024-06-09 06:50:00,50
660,Domestic Violence,19.067435,72.812742,2024-12-05 00:31:00,49
661,Human Trafficking,19.315891,73.112904,2024-03-25 02:42:00,48
662,Dowry Harassment,19.216249,72.891777,2024-02-06 03:07:00,57
663,Acid Attack,19.20441,72.893807,2024-07-19 21:28:00,32
664,Rape,19.218966,72.911318,2024-02-14 02:01:00,42
665,Human Trafficking,19.217329,72.90762,2024-06-26 03:08:00,43
666,Dowry Harassment,19.214951,72.902603,2024-04-14 23:05:00,34
667,Assault,19.027451,73.027929,2024-08-12 04:20:00,19
668,Dowry Harassment,19.216746,72.917916,2024-07-11 14:48:00,55
669,Rape,19.211779,72.826463,2024-08-05 00:06:00,52
670,Acid Attack,19.280092,73.083487,2024-05-13 02:35:00,43
671,Acid Attack,19.181522,72.890757,2024-09-18 06:07:00,48
672,Stalking,19.195064,72.895227,2024-09-30 03:08:00,49
673,Kidnapping,19.190344,72.885255,2024-08-19 04:38:00,39
674,Acid Attack,19.284097,73.118476,2024-12-11 00:14:00,31
675,Sexual Harassment,19.26912,73.093979,2024-12-01 01:05:00,33
676,Human Trafficking,19.20299,73.115352,2024-07-18 00:16:00,38
677,Assault,19.202092,72.892981,2024-11-04 01:29:00,37
678,Rape,19.311016,73.084726,2024-08-31 22:20:00,26
679,Sexual Harassment,19.200198,72.910452,2024-12-03 15:24:00,57
680,Human Trafficking,19.21196,72.904939,2024-08-18 08:28:00,39
681,Acid Attack,19.297808,73.080179,2024-01-02 17:58:00,49
682,Acid Attack,19.288403,73.116832,2024-12-03 02:44:00,38
683,Sexual Harassment,19.291566,73.111543,2024-11-17 20:56:00,32
684,Dowry Harassment,19.202171,72.911407,2024-04-14 01:18:00,45
685,Acid Attack,19.336138,73.102595,2024-05-06 05:19:00,33
686,Kidnapping,19.213444,72.919049,2024-03-13 02:33:00,35
687,Sexual Harassment,19.183742,72.915784,2024-12-18 22:08:00,29
688,Human Trafficking,19.305994,73.104055,2024-07-28 22:26:00,19
689,Molestation,19.203067,72.881712,2024-11-05 11:24:00,54
690,Sexual Harassment,19.214811,72.90946,2024-02-29 02:13:00,44
691,Kidnapping,19.357644,73.101167,2024-01-13 22:33:00,31
692,Acid Attack,19.357097,72.82404,2024-11-16 03:00:00,21
693,Dowry Harassment,19.297814,73.087868,2024-09-13 04:17:00,53
694,Human Trafficking,19.190693,72.888983,2024-06-15 18:05:00,26
695,Sexual Harassment,19.18629,72.917208,2024-11-01 01:49:00,28
696,Domestic Violence,19.293851,73.098787,2024-10-23 21:31:00,58
697,Assault,19.296855,73.102144,2024-05-15 06:15:00,21
698,Molestation,19.052732,73.085785,2024-08-30 21:14:00,38
699,Sexual Harassment,19.201403,72.883192,2024-12-29 03:38:00,18
700,Sexual Harassment,19.300241,73.105041,2024-10-22 00:02:00,53
701,Sexual Harassment,19.28822,73.10964,2024-04-15 23:33:00,60
702,Dowry Harassment,19.209433,72.910257,2024-06-23 21:56:00,18
703,Rape,19.207906,72.899869,2024-06-26 01:24:00,30
704,Sexual Harassment,19.30677,73.105451,2024-04-08 10:21:00,54
705,Molestation,19.308226,73.09557,2024-11-21 04:02:00,23
706,Sexual Harassment,19.19528,72.89799,2024-05-08 18:38:00,23
707,Rape,19.295974,73.103174,2024-09-19 23:59:00,20
708,Assault,19.287909,73.115878,2024-11-13 03:18:00,37
709,Sexual Harassment,19.18086,72.905519,2024-05-16 09:56:00,52
710,Molestation,19.285936,73.109647,2024-12-09 14:28:00,33
711,Stalking,19.296453,73.088126,2024-01-26 03:31:00,42
712,Kidnapping,19.216373,72.909093,2024-08-05 07:24:00,31
713,Molestation,19.340391,72.898691,2024-05-02 05:58:00,45
714,Dowry Harassment,19.077022,73.280635,2024-04-19 04:46:00,48
715,Kidnapping,19.197702,72.906526,2024-05-09 12:20:00,42
716,Acid Attack,19.384228,72.831357,2024-05-07 23:03:00,29
717,Sexual Harassment,19.120656,73.272816,2024-03-09 22:34:00,33
718,Stalking,19.218792,72.882947,2024-12-30 02:02:00,47
719,Kidnapping,19.280474,73.082276,2024-08-15 01:39:00,33
720,Dowry Harassment,19.203232,72.902038,2024-03-07 22:25:00,53
721,Molestation,19.191358,72.919793,2024-06-03 03:21:00,35
722,Dowry Harassment,19.285012,73.117401,2024-11-03 03:08:00,41
723,Domestic Violence,19.18225,72.883318,2024-11-05 04:10:00,29
724,Dowry Harassment,19.117296,72.898824,2024-01-29 20:28:00,59
725,Sexual Harassment,19.196413,72.900024,2024-05-14 03:36:00,43
726,Molestation,19.377114,73.116854,2024-01-07 00:15:00,27
727,Sexual Harassment,19.184589,72.887534,2024-08-03 09:18:00,40
728,Dowry Harassment,19.217123,72.896986,2024-10-01 23:07:00,57
729,Domestic Violence,19.285115,72.961228,2024-12-24 23:05:00,27
730,Sexual Harassment,19.101399,72.909911,2024-07-14 20:01:00,51
731,Human Trafficking,19.217906,72.899046,2024-01-12 22:39:00,34
732,Domestic Violence,19.207615,72.912439,2024-08-02 02:06:00,49
733,Rape,19.390294,73.012022,2024-09-05 04:44:00,36
734,Human Trafficking,19.308869,73.081664,2024-10-26 03:43:00,22
735,Stalking,19.281347,73.085756,2024-08-19 01:28:00,29
736,Rape,19.294842,73.109634,2024-06-11 22:01:00,53
737,Stalking,19.371163,73.005139,2024-07-19 03:20:00,30
738,Rape,19.201594,72.907555,2024-08-07 21:26:00,46
739,Acid Attack,19.201007,72.907157,2024-04-15 02:24:00,31
740,Molestation,19.340324,73.154166,2024-06-29 00:21:00,53
741,Dowry Harassment,19.211651,73.009765,2024-02-10 01:53:00,38
742,Stalking,19.211701,72.898109,2024-01-24 21:51:00,28
743,Rape,19.378122,73.193073,2024-08-14 23:07:00,56
744,Dowry Harassment,19.315381,73.089234,2024-11-18 00:07:00,46
745,Dowry Harassment,19.315124,73.080069,2024-01-25 00:19:00,44
746,Stalking,19.215562,72.914204,2024-09-08 02:31:00,38
747,Acid Attack,19.306975,73.116892,2024-07-07 11:51:00,26
748,Sexual Harassment,19.287287,73.140907,2024-07-17 00:49:00,54
749,Rape,19.316203,73.089931,2024-09-17 01:30:00,37
750,Sexual Harassment,19.186373,72.904753,2024-06-15 00:35:00,30
751,Rape,19.283685,73.101791,2024-03-30 05:51:00,48
752,Acid Attack,19.181962,72.901057,2024-01-14 23:28:00,59
753,Kidnapping,19.181021,72.882484,2024-02-13 13:00:00,57
754,Molestation,19.185616,72.912446,2024-12-17 00:26:00,35
755,Sexual Harassment,19.181965,72.895173,2024-06-09 10:03:00,22
756,Molestation,19.371027,73.018414,2024-09-30 04:13:00,59
757,Kidnapping,19.187489,72.880205,2024-02-07 04:41:00,49
758,Acid Attack,19.318095,73.08458,2024-03-07 04:23:00,36
759,Acid Attack,19.296713,73.11016,2024-03-24 22:30:00,50
760,Stalking,19.210947,72.880241,2024-11-29 15:52:00,24
761,Human Trafficking,19.286164,73.113689,2024-09-08 19:12:00,56
762,Assault,19.361351,73.141799,2024-05-11 08:17:00,59
763,Sexual Harassment,19.352908,72.974415,2024-09-11 02:09:00,27
764,Assault,19.183368,72.89852,2024-03-06 04:44:00,37
765,Rape,19.380295,72.960243,2024-02-29 20:01:00,57
766,Assault,19.355544,73.00494,2024-03-25 14:15:00,22
767,Domestic Violence,19.197309,72.897025,2024-07-02 21:47:00,27
768,Acid Attack,19.210386,72.907373,2024-04-17 20:22:00,30
769,Rape,19.182519,72.880374,2024-06-08 23:18:00,34
770,Kidnapping,19.189064,72.914082,2024-01-28 04:31:00,47
771,Molestation,19.207512,72.895116,2024-08-11 21:22:00,39
772,Molestation,19.217922,72.914168,2024-05-02 07:17:00,30
773,Human Trafficking,19.301931,73.110513,2024-01-16 23:41:00,18
774,Assault,19.112137,73.17258,2024-01-06 12:05:00,39
775,Molestation,19.187364,72.915047,2024-11-22 00:23:00,50
776,Rape,19.15153,72.844923,2024-07-08 00:39:00,55
777,Dowry Harassment,19.18409,72.899579,2024-08-18 12:45:00,60
778,Molestation,19.288038,73.11252,2024-09-30 02:37:00,26
779,Acid Attack,19.099518,73.200548,2024-11-01 20:17:00,57
780,Assault,19.290367,73.085437,2024-04-04 21:54:00,41
781,Domestic Violence,19.308666,73.083302,2024-02-06 03:48:00,21
782,Stalking,19.306427,73.085738,2024-08-30 12:15:00,47
783,Dowry Harassment,19.215158,72.888649,2024-01-14 22:45:00,37
784,Assault,19.16458,73.230674,2024-08-30 01:37:00,24
785,Acid Attack,19.196073,72.896353,2024-11-26 04:42:00,28
786,Domestic Violence,19.343778,73.104522,2024-06-08 20:39:00,33
787,Molestation,19.399398,72.806213,2024-05-13 00:15:00,56
788,Kidnapping,19.195162,72.828829,2024-03-05 03:28:00,32
789,Sexual Harassment,19.283466,73.086918,2024-07-04 04:42:00,40
790,Acid Attack,19.170553,73.035468,2024-02-23 07:02:00,47
791,Sexual Harassment,19.188448,72.915443,2024-11-18 23:48:00,46
792,Dowry Harassment,19.323228,73.127451,2024-09-02 04:51:00,33
793,Acid Attack,19.184528,72.917099,2024-09-03 05:09:00,29
794,Assault,19.192865,72.906037,2024-02-23 01:09:00,32
795,Stalking,19.317863,73.089991,2024-07-06 07:09:00,35
796,Dowry Harassment,19.315738,73.088878,2024-12-13 06:34:00,50
797,Kidnapping,19.30641,73.11886,2024-03-26 12:37:00,18
798,Assault,19.214584,72.915219,2024-02-29 07:02:00,57
799,Human Trafficking,19.339981,72.921452,2024-06-20 18:45:00,60
800,Domestic Violence,19.305646,73.091714,2024-11-13 18:42:00,21
801,Dowry Harassment,19.201706,72.96878,2024-12-26 10:43:00,20
802,Stalking,19.289206,73.083474,2024-06-11 01:02:00,47
803,Domestic Violence,19.302419,73.090374,2024-03-07 11:48:00,58
804,Sexual Harassment,19.222843,72.899993,2024-03-18 22:40:00,32
805,Stalking,19.201942,72.893477,2024-10-30 00:43:00,51
806,Rape,19.287615,73.098337,2024-08-08 04:14:00,59
807,Rape,19.393469,72.808181,2024-04-17 03:52:00,55
808,Sexual Harassment,19.027555,73.223268,2024-03-03 23:20:00,42
809,Domestic Violence,19.340016,72.813017,2024-12-10 00:26:00,57
810,Stalking,19.19518,72.88175,2024-04-20 00:38:00,48
811,Molestation,19.217121,72.889008,2024-12-20 00:54:00,28
812,Sexual Harassment,19.057295,72.936432,2024-04-11 17:39:00,46
813,Molestation,19.001221,72.968155,2024-11-09 04:44:00,34
814,Sexual Harassment,19.23453,73.004277,2024-05-20 06:53:00,28
815,Kidnapping,19.292401,73.098675,2024-02-11 03:46:00,57
816,Dowry Harassment,19.29284,73.103033,2024-03-15 02:13:00,18
817,Sexual Harassment,19.181067,72.88129,2024-06-21 05:19:00,29
818,Human Trafficking,19.211057,72.88306,2024-08-24 00:28:00,26
819,Assault,19.295904,73.080958,2024-05-15 09:11:00,32
820,Stalking,19.128641,73.250851,2024-08-03 04:58:00,45
821,Stalking,19.301746,73.082231,2024-02-04 01:58:00,45
822,Domestic Violence,19.289162,73.094469,2024-10-26 02:01:00,59
823,Domestic Violence,19.201069,72.912287,2024-02-11 04:49:00,38
824,Dowry Harassment,19.190299,72.919959,2024-09-29 15:47:00,23
825,Assault,19.219754,72.909189,2024-05-13 21:32:00,26
826,Assault,19.201564,72.916588,2024-04-13 02:19:00,48
827,Rape,19.19992,72.889767,2024-06-12 23:44:00,38
828,Kidnapping,19.137954,73.248511,2024-06-08 01:14:00,42
829,Acid Attack,19.189749,72.914941,2024-01-23 08:00:00,26
830,Kidnapping,19.04181,73.268289,2024-02-15 12:52:00,22
831,Stalking,19.000187,73.001938,2024-08-01 21:26:00,31
832,Domestic Violence,19.196425,72.895682,2024-07-26 21:59:00,24
833,Human Trafficking,19.073863,72.900857,2024-03-02 03:48:00,46
834,Sexual Harassment,19.295916,73.114222,2024-05-13 18:45:00,48
835,Molestation,19.19357,72.891167,2024-04-11 01:54:00,56
836,Molestation,19.312232,73.112556,2024-07-28 02:14:00,39
837,Dowry Harassment,19.310099,73.089394,2024-02-25 01:11:00,28
838,Human Trafficking,19.211992,72.883973,2024-01-19 09:00:00,30
839,Kidnapping,19.261928,73.290542,2024-08-27 01:36:00,41
840,Human Trafficking,19.04502,73.220278,2024-04-08 02:08:00,35
841,Molestation,19.168121,72.942192,2024-06-13 20:29:00,24
842,Stalking,19.299731,73.104995,2024-06-24 12:12:00,44
843,Sexual Harassment,19.207579,72.820094,2024-09-28 23:14:00,20
844,Domestic Violence,19.18017,72.90632,2024-02-28 00:58:00,41
845,Kidnapping,19.316492,73.101511,2024-02-24 16:40:00,40
846,Assault,19.145633,72.93161,2024-01-28 21:35:00,32
847,Rape,19.195112,72.891684,2024-06-19 23:08:00,37
848,Human Trafficking,19.077681,73.1894,2024-11-02 02:03:00,59
849,Domestic Violence,19.317988,73.09355,2024-02-20 08:19:00,36
850,Acid Attack,19.313524,73.115782,2024-05-21 22:01:00,30
851,Human Trafficking,19.289207,73.109845,2024-01-05 04:00:00,60
852,Dowry Harassment,19.102146,73.224234,2024-04-04 22:56:00,30
853,Kidnapping,19.295304,73.085579,2024-01-16 00:42:00,56
854,Assault,19.023967,73.015693,2024-08-02 12:47:00,43
855,Human Trafficking,19.312176,73.087031,2024-01-07 05:30:00,46
856,Domestic Violence,19.038463,72.910173,2024-06-21 20:57:00,41
857,Domestic Violence,19.314505,73.11308,2024-04-06 03:19:00,30
858,Human Trafficking,19.301953,73.117243,2024-03-03 20:07:00,34
859,Rape,19.196665,72.914077,2024-04-22 00:52:00,46
860,Molestation,19.217721,72.883705,2024-08-07 00:01:00,29
861,Domestic Violence,19.393082,73.159741,2024-03-27 22:49:00,48
862,Rape,19.291539,73.086531,2024-03-20 23:34:00,22
863,Kidnapping,19.215545,72.96701,2024-12-25 01:11:00,60
864,Human Trafficking,19.014995,72.952421,2024-11-01 03:13:00,21
865,Kidnapping,19.397227,73.2026,2024-11-29 17:19:00,31
866,Kidnapping,19.156528,73.042936,2024-08-01 01:23:00,27
867,Molestation,19.29289,73.087879,2024-10-21 23:50:00,41
868,Sexual Harassment,19.316306,73.094072,2024-01-15 08:44:00,49
869,Kidnapping,19.301418,73.089014,2024-08-05 23:39:00,34
870,Stalking,19.214615,72.918436,2024-03-06 21:24:00,53
871,Assault,19.319246,73.142954,2024-12-23 22:00:00,56
872,Sexual Harassment,19.124006,73.259165,2024-08-12 22:48:00,48
873,Assault,19.193885,72.894344,2024-01-31 00:58:00,29
874,Human Trafficking,19.310576,73.107582,2024-08-05 03:08:00,25
875,Rape,19.052546,72.806912,2024-03-19 23:47:00,21
876,Human Trafficking,19.182887,72.912775,2024-10-19 22:30:00,19
877,Rape,19.206169,72.917379,2024-10-29 22:12:00,38
878,Stalking,19.190724,72.919967,2024-08-05 20:57:00,59
879,Rape,19.282706,73.091117,2024-05-02 00:27:00,25
880,Dowry Harassment,19.285383,73.109947,2024-09-05 04:34:00,34
881,Sexual Harassment,19.041393,73.022619,2024-09-08 22:14:00,57
882,Human Trafficking,19.283459,73.086477,2024-06-11 14:46:00,53
883,Human Trafficking,19.369606,73.059754,2024-11-07 09:24:00,58
884,Acid Attack,19.296241,73.1022,2024-06-21 03:26:00,57
885,Acid Attack,19.101213,72.939285,2024-01-05 01:49:00,42
886,Dowry Harassment,19.237419,72.98323,2024-09-13 05:40:00,57
887,Sexual Harassment,19.312654,73.091553,2024-07-04 09:13:00,57
888,Domestic Violence,19.345036,72.886236,2024-12-18 05:59:00,45
889,Human Trafficking,19.3058,72.905984,2024-11-14 21:37:00,36
890,Domestic Violence,19.30581,73.10934,2024-07-20 05:32:00,37
891,Human Trafficking,19.369226,73.258416,2024-12-17 19:17:00,36
892,Rape,19.307029,72.880339,2024-05-26 01:24:00,20
893,Sexual Harassment,19.043449,73.238428,2024-01-07 03:01:00,24
894,Human Trafficking,19.389206,72.99317,2024-10-02 23:12:00,21
895,Molestation,19.302426,73.083787,2024-09-27 23:14:00,48
896,Human Trafficking,19.171683,73.104471,2024-05-23 00:42:00,22
897,Assault,19.309992,73.124319,2024-10-04 01:29:00,44
898,Stalking,19.163884,72.814786,2024-12-26 05:22:00,25
899,Human Trafficking,19.386493,72.959161,2024-10-12 01:52:00,43
900,Rape,19.346547,72.873414,2024-01-20 14:17:00,36
901,Acid Attack,19.135575,72.861454,2024-12-18 23:42:00,44
902,Sexual Harassment,19.303886,73.09671,2024-12-23 06:06:00,52
903,Human Trafficking,19.299512,73.104073,2024-11-05 13:27:00,36
904,Rape,19.330865,73.269069,2024-05-27 01:39:00,55
905,Human Trafficking,19.09693,72.963996,2024-07-31 02:14:00,45
906,Acid Attack,19.297247,73.108086,2024-01-29 07:54:00,45
907,Sexual Harassment,19.356961,72.802334,2024-05-23 04:32:00,27
908,Domestic Violence,19.258622,73.100789,2024-01-12 02:14:00,29
909,Assault,19.309554,73.11287,2024-03-16 00:34:00,26
910,Domestic Violence,19.188392,72.901319,2024-01-02 12:39:00,37
911,Kidnapping,19.314714,73.103819,2024-12-23 04:32:00,40
912,Domestic Violence,19.049702,72.992219,2024-12-01 01:15:00,21
913,Kidnapping,19.29671,73.092198,2024-01-24 21:29:00,21
914,Dowry Harassment,19.218804,72.888431,2024-09-19 22:41:00,32
915,Sexual Harassment,19.18745,72.892258,2024-02-24 03:37:00,50
916,Dowry Harassment,19.181799,72.902438,2024-09-26 05:39:00,48
917,Sexual Harassment,19.301331,73.111678,2024-06-29 01:29:00,54
918,Acid Attack,19.183395,72.882543,2024-05-09 02:10:00,26
919,Stalking,19.299663,73.087903,2024-03-12 05:21:00,33
920,Rape,19.087313,72.808541,2024-05-15 08:59:00,22
921,Assault,19.215136,72.897671,2024-10-01 12:01:00,46
922,Stalking,19.350764,73.041699,2024-01-18 14:06:00,38
923,Rape,19.197826,72.901162,2024-01-31 03:40:00,43
924,Human Trafficking,19.194496,72.919826,2024-10-21 08:31:00,42
925,Sexual Harassment,19.219577,72.898245,2024-09-27 14:09:00,60
926,Sexual Harassment,19.398174,73.133084,2024-01-22 17:21:00,47
927,Molestation,19.195982,73.036479,2024-10-05 00:01:00,22
928,Kidnapping,19.193155,72.917736,2024-05-23 04:37:00,20
929,Domestic Violence,19.302903,73.085957,2024-09-02 05:58:00,42
930,Rape,19.296222,73.113411,2024-09-12 03:46:00,49
931,Rape,19.320647,73.097169,2024-02-24 13:58:00,21
932,Domestic Violence,19.313387,73.119091,2024-01-06 21:51:00,38
933,Acid Attack,19.188361,72.892744,2024-09-28 00:30:00,21
934,Kidnapping,19.209517,72.915112,2024-01-26 08:02:00,23
935,Sexual Harassment,19.215743,72.897075,2024-01-25 01:50:00,22
936,Stalking,19.277429,73.102808,2024-02-26 17:49:00,51
937,Kidnapping,19.353134,73.293614,2024-05-07 14:48:00,33
938,Rape,19.209157,72.887519,2024-05-26 02:45:00,46
939,Acid Attack,19.379153,73.108408,2024-01-13 21:02:00,58
940,Assault,19.185747,72.885915,2024-11-21 05:21:00,60
941,Domestic Violence,19.19601,73.077855,2024-01-13 15:14:00,58
942,Domestic Violence,19.066036,73.017409,2024-02-22 10:51:00,24
943,Assault,19.195737,72.898193,2024-12-16 15:02:00,31
944,Human Trafficking,19.282926,73.085734,2024-05-18 02:00:00,19
945,Molestation,19.258697,73.21527,2024-08-06 03:40:00,42
946,Sexual Harassment,19.197577,72.910461,2024-07-27 04:41:00,46
947,Stalking,19.210632,72.912622,2024-01-22 05:38:00,37
948,Dowry Harassment,19.200169,72.880454,2024-06-19 05:05:00,34
949,Kidnapping,19.287593,73.101964,2024-10-24 15:46:00,39
950,Kidnapping,19.182477,72.892284,2024-08-18 00:15:00,39
951,Molestation,19.382621,72.813074,2024-02-27 08:59:00,23
952,Dowry Harassment,19.185103,73.286285,2024-09-09 02:51:00,42
953,Molestation,19.314824,73.107912,2024-02-23 19:02:00,20
954,Molestation,19.133598,73.237568,2024-02-15 22:59:00,35
955,Domestic Violence,19.201326,72.908196,2024-10-28 13:11:00,39
956,Rape,19.16818,72.835298,2024-06-03 20:33:00,23
957,Rape,19.312016,73.09801,2024-07-18 03:53:00,31
958,Human Trafficking,19.196497,72.996255,2024-11-06 12:34:00,41
959,Molestation,19.293195,73.09883,2024-01-20 23:36:00,46
960,Stalking,19.066276,73.008928,2024-01-13 14:28:00,34
961,Assault,19.288437,73.104301,2024-08-01 17:04:00,57
962,Acid Attack,19.184984,72.915242,2024-01-01 00:00:00,40
963,Acid Attack,19.206088,72.89119,2024-01-12 16:19:00,59
964,Dowry Harassment,19.185862,72.916496,2024-06-04 00:07:00,34
965,Stalking,19.289741,73.091472,2024-10-02 18:46:00,52
966,Rape,19.205843,72.896567,2024-03-02 04:45:00,30
967,Rape,19.184685,73.022152,2024-09-26 02:57:00,42
968,Molestation,19.159053,73.297239,2024-11-28 23:49:00,54
969,Stalking,19.289416,73.100034,2024-08-27 12:17:00,40
970,Domestic Violence,19.140481,73.050815,2024-05-08 19:14:00,50
971,Human Trafficking,19.286576,73.101632,2024-02-21 06:43:00,49
972,Sexual Harassment,19.217353,72.913276,2024-08-12 18:11:00,31
973,Stalking,19.304129,73.115171,2024-10-28 02:58:00,37
974,Sexual Harassment,19.29865,73.109594,2024-02-18 11:25:00,57
975,Domestic Violence,19.019652,73.26882,2024-11-12 23:35:00,41
976,Human Trafficking,19.180704,72.894645,2024-05-27 05:43:00,36
977,Dowry Harassment,19.306459,73.115992,2024-05-24 05:38:00,44
978,Stalking,19.310695,73.14192,2024-01-12 03:27:00,31
979,Acid Attack,19.285507,73.11501,2024-11-25 21:41:00,19
980,Kidnapping,19.284506,73.202167,2024-08-18 00:19:00,41
981,Kidnapping,19.16206,73.100306,2024-02-04 00:00:00,19
982,Rape,19.32829,72.999877,2024-04-02 18:32:00,57
983,Acid Attack,19.196221,72.916933,2024-03-03 09:07:00,53
984,Sexual Harassment,19.297203,73.089572,2024-06-14 21:47:00,59
985,Assault,19.305176,73.117738,2024-09-27 00:47:00,34
986,Molestation,19.219827,72.915421,2024-07-22 23:47:00,26
987,Sexual Harassment,19.089767,72.809277,2024-09-26 22:15:00,27
988,Kidnapping,19.300989,73.111314,2024-08-13 20:32:00,43
989,Stalking,19.204967,72.903737,2024-08-06 20:12:00,22
990,Acid Attack,19.183765,72.907782,2024-08-17 05:51:00,31
991,Domestic Violence,19.024957,72.843844,2024-10-07 11:06:00,44
992,Stalking,19.207153,72.917888,2024-02-22 03:37:00,31
993,Assault,19.182471,72.897978,2024-05-08 03:05:00,49
994,Assault,19.31557,73.103968,2024-03-24 17:34:00,44
995,Molestation,19.295651,73.113685,2024-01-29 11:27:00,19
996,Stalking,19.292076,73.111454,2024-05-23 13:01:00,52
997,Assault,19.318655,73.046399,2024-05-31 05:40:00,34
998,Rape,19.193776,72.90554,2024-10-16 06:56:00,26
999,Molestation,19.035401,73.082737,2024-09-28 01:23:00,39
1000,Dowry Harassment,19.310324,73.092845,2024-04-20 02:08:00,56
